회차,이름,측정일,몸무게,단위,담당,지점,목표
1,홍길동,2020-03-01,76.4,kg,박길동,관악구,미달
2,홍길동,2020-03-02,75.7,kg,김길동,관악구,달성
3,홍길동,2020-03-03,76.0,kg,고길동,여의도,달성
4,홍길동,2020-03-04,,kg,고길동,여의도,
5,홍길동,2020-03-05,76.2,kg,김길동,강남구,미달
6,홍길동,2020-03-06,75.7,kg,고길동,서초,달성
7,홍길동,2020-03-07,,kg,고길동,서초,
8,홍길동,2020-03-08,,kg,김길동,서초,
9,홍길동,2020-03-09,75.0,kg,김길동,서초,초과
