연번,환자,확진일,성별(출생년),거주지,여행력,접촉력,조치사항
494,9949,4.01.,여('68),양천구,-,구로구 교회 관련,-
493,확인중,4.01.,남('65),영등포구,-,#8271 접촉,-
492,9931,4.01.,남('01),고양,미국,해외접촉 추정,타시도
491,9911,4.01.,여('95),광진구,영국,해외접촉 추정,서울의료원
490,확인중,4.01.,여('32),서대문구,미국,해외접촉 추정,서울의료원
489,9944,4.01.,여('82),용인,브라질,해외접촉 추정,타시도
488,9974,4.01.,여('92),서초구,미국,해외접촉 추정,서울의료원
487,9946,4.01.,남('82),서초구,-,#8669 접촉,서울의료원
486,9939,4.01.,여('81),동작구,일본,해외접촉 주청,보라매병원
485,확인중,4.01.,여('99),송파구,영국,해외접촉 주청,서남병원
484,9951,4.01.,여('19),스페인,스페인,해외접촉 주청,보라매병원
483,확인중,4.01.,여('14),스페인,스페인,해외접촉 주청,보라매병원
482,9963,4.01.,여('85),스페인,스페인,해외접촉 주청,보라매병원
481,9950,4.01.,남('84),스페인,스페인,해외접촉 주청,보라매병원
480,9932,4.01.,남('72),마포구,팔라우,해외접촉 주청,보라매병원
479,9930,4.01.,여('88),동대문구,캐나다,해외접촉 주청,서울의료원
478,9912,3.31.,여('10),서초구,-,확인중,서울아산병원
477,확인중,3.31.,남('95),관악구,아일랜드,해외접촉 주청,서남병원
476,9929,3.31.,여('97),광진구,영국,해외접촉 추정,건대병원
475,확인중,3.30.,여('97),용산구,영국,해외접촉 추정,서울의료원
474,9864,3.31.,여('85),종로구,캐나다,해외접촉 추정,강북삼성병원
473,9870,3.31.,남('58),수원,-,#9734 접촉,타시도 이관
472,9800,3.31.,여('71),중구,-,#9734 접촉,보라매병원
471,9867,3.31.,남('81),양천구,-,콜센터직원 접촉,서남병원
470,9883,3.31.,남('97),서초구,미국,해외접촉 추정,보라매병원
469,9810,3.31.,남('91),관악구,영국,해외접촉 추정,보라매병원
468,9849,3.31.,여('91),마포구,"미국, 캐나다, 멕시코",해외접촉 추정,서남병원
467,9829,3.31.,남('98),송파구,영국,해외접촉 추정,서울의료원
466,9859,3.31.,여('97),송파구,미국,해외접촉 추정,서울의료원
465,9837,3.31.,여('75),관악구,-,구로구 교회 관련,서남병원
464,9812,3.31.,여('79),관악구,-,구로구 교회 관련,서남병원
463,9876,3.31.,남('46),관악구,-,구로구 교회 관련,서울의료원
462,9852,3.31.,여('61),동작구,-,구로구 교회 관련,보라매병원
461,9879,3.31.,남('68),관악구,-,구로구 교회 관련,서남병원
460,9821,3.31.,남('93),강남구,미국,해외접촉 추정,생활치료센터
459,9854,3.31.,여('96),강남구,미국,해외접촉 추정,생활치료센터
458,9847,3.31.,여('87),강남구,프랑스,해외접촉 추정,보라매병원
457,9815,3.31.,여('67),구로구,-,구로구 교회 관련,서남병원
456,9795,3.31.,여('92),종로구,미국 뉴욕,해외접촉 추정,서울의료원
455,9886,3.31.,남('84),영등포구,오스트리아,해외접촉 추정,보라매병원
454,9833,3.31.,여('73),마포구,"미국, 브라질",해외접촉 추정,서남병원
453,9813,3.30.,여('73),광명,-,구로구 교회 관련,타시도 이관
452,9869,3.30.,여('94),강동구,미국,해외접촉 추정,서울의료원
451,9797,3.29.,여('52),동작구,-,구로구 교회 관련,보라매병원
450,9699,3.30.,남('99),천안,미국,해외접촉 추정,타시도 이관
449,9693,3.30.,여('65),구로구,-,구로구 교회 관련,서남병원
448,9728,3.30.,여('98),용산구,미국,해외접촉 추정,보라매병원
447,9725,3.30.,남('64),중구,-,#9734 접촉,보라매병원
446,9687,3.30.,남('90),동작구,영국,해외접촉 추정,생활치료센터
445,9752,3.30.,여('96),용산구,영국,해외접촉 추정,서울의료원
444,9760,3.30.,남('67),구로구,-,구로구 교회 관련,보라매병원
443,9734,3.30.,여('65),서초구,미국,해외접촉 추정,생활치료센터
442,9706,3.30.,남('63),서초구,-,#9734 접촉,서울의료원
441,9765,3.30.,여('03),송파구,미국,해외접촉 추정,서울의료원
440,9723,3.30.,남('66),동작구,-,구로구 교회 관련,보라매병원
439,9763,3.30.,여('48),관악구,-,구로구 교회 관련,강북삼성병원
438,9716,3.30.,여('70),관악구,-,구로구 교회 관련,보라매병원
437,9751,3.30.,여('50),관악구,-,구로구 교회 관련,중앙대병원
436,9709,3.30.,남('02),용산구,-,#9621 접촉,생활치료센터
435,9682,3.30.,여('64),관악구,-,구로구 교회 관련,생활치료센터
434,9766,3.29.,남('72),광명,-,구로구 교회 관련,타시도이관
433,9704,3.29.,여('75),동작구,-,구로구 교회 관련,보라매병원
432,9772,3.29.,여('71),금천구,-,구로구 교회 관련,보라매병원
431,9679,3.29.,여('66),금천구,-,구로구 교회 관련,보라매병원
430,9783,3.29.,남('69),금천구,-,구로구 교회 관련,보라매병원
429,9697,3.29.,여('64),금천구,-,구로구 교회 관련,보라매병원
428,9757,3.29.,남('36),구로구,-,구로구 교회 관련,보라매병원
427,9696,3.27.,남('65),금천구,-,구로구 교회 관련,보라매병원
427,9696,3.27.,남('65),금천구,-,구로구 교회 관련,보라매병원
426,9613,3.29.,여('88),광진구,미국,해외접촉 추정,서북병원
425,9627,3.29.,남('89),서대문구,영국,해외접촉 추정,서북병원
424,9599,3.29.,여('87),송파구,미국,해외접촉 추정,서울의료원
423,9628,3.29.,여('10),강남구,영국,해외접촉 추정,보라매병원
422,9642,3.29.,남('75),강남구,-,#9572 접촉,보라매병원
421,9607,3.29.,여('98),강남구,영국,해외접촉 추정,서울의료원
420,9603,3.29.,여('68),강남구,미국,해외접촉 추정,서울의료원
419,9633,3.29.,남('94),서초구,미국,해외접촉 추정,서북병원
418,9641,3.29.,여('65),도봉구,-,확인중,서울의료원
417,9644,3.29.,여('92),마포구,미국,해외접촉 추정,보라매병원
416,9652,3.29.,여('65),관악구,-,#9525 접촉,보라매병원
415,9610,3.29.,남('65),관악구,-,#9525 접촉,보라매병원
414,9629,3.29.,여('63),관악구,-,구로구 교회 관련,보라매병원
413,9621,3.29.,남('94),인천,미국,해외접촉 추정,서울의료원
412,9597,3.28.,여('72),구로구,-,구로구 교회 관련,서울의료원
411,9634,3.28.,여('62),동작구,-,구로구 교회 관련,서울의료원
410,9552,3.28.,여('95),성남,미국,해외접촉 추정,타시도이관
409,9515,3.28.,여('78),서초구,스페인,해외접촉 추정,서울의료원
408,9545,3.28.,여('95),양천구,미국,해외접촉 추정,서남병원
407,9385,3.28.,여('96),강남구,미국,해외접촉 추정,생활치료센터
406,9574,3.28.,남('00),강남구,영국,해외접촉 추정,생활치료센터
405,9524,3.28.,남('94),강남구,-,#7914 접촉,서울의료원
404,9560,3.28.,남('03),강남구,미국,해외접촉 추정,서울의료원
403,9571,3.28.,여('80),동작구,-,#8669 접촉,보라매병원
402,9507,3.28.,남('96),서초구,미국,해외접촉 추정,보라매병원
401,9572,3.28.,여('76),강남구,영국,해외접촉 추정,보라매병원
400,9510,3.28.,남('94),송파구,미국,해외접촉 추정,경희대학교병원
399,9553,3.28.,여('73),구로구,-,구로구 교회 관련,생활치료센터
398,9516,3.28.,남('98),중구,태국,해외접촉 추정,생활치료센터
397,9554,3.28.,여('98),서초구,미국,해외접촉 추정,생활치료센터
396,9525,3.28.,남('93),관악구,미국,해외접촉 추정,보라매병원
395,9521,3.28.,남('73),기타,영국,해외접촉 추정,생활치료센터
394,9543,3.28.,남('74),기타(재외국인),브라질,해외접촉 추정,서북병원
393,9533,3.28.,여('70),동작구,-,구로구 교회 관련,보라매병원
392,9546,3.28.,남('76),구로구,-,구로구 교회 관련,보라매병원
391,9547,3.28.,남('71),구로구,-,구로구 교회 관련,보라매병원
390,9538,3.25.,여('02),강남구,미국,해외접촉 추정,서북병원
389,9393,3.27.,남('63),강남구,미국,해외접촉 추정,보라매병원
388,9475,3.27.,남('95),구로구,미국,해외접촉 추정,보라매병원
387,9364,3.27.,여('03),강남구,영국,해외접촉 추정,서울아산병원
386,9410,3.27.,남('69),광명,-,구로구 교회 관련,타시도 이관
385,9468,3.27.,남('76),영등포구,-,구로구 교회 관련,보라매병원
384,9425,3.27.,남('96),송파구,영국,해외접촉 추정,생활치료센터
383,9424,3.27.,여('98),성북구,영국,해외접촉 추정,생활치료센터
382,9409,3.27.,여('89),중구,"멕시코, 미국",해외접촉 추정,순천향대학병원
381,9427,3.27.,여('68),중랑구,-,#8791 접촉,서울의료원
380,9413,3.27.,남('76),중랑구,태국,해외접촉 추정,생활치료센터
379,9368,3.27.,남('81),기타,태국,해외접촉 추정,은평성모병원
378,9446,3.27.,여('63),도봉구,미국,해외접촉 추정,서울의료원
377,9338,3.27.,여('85),관악구,프랑스,해외접촉 추정,보라매병원
376,9436,3.27.,여('95),마포구,영국,해외접촉 추정,생활치료센터
375,9434,3.26.,여('99),강동구,프랑스,해외접촉 추정,서울의료원(퇴원)
374,9428,3.26.,남('94),강남구,미국,해외접촉 추정,서울의료원
373,9363,3.26.,여('67),강남구,-,#9219,보라매병원
372,9323,3.25.,남('63),성남,-,확인중,타시도이관
371,9255,3.26.,남('86),송파구,인도네시아,해외접촉 추정,서울의료원
370,9260,3.26.,남('75),서초구,프랑스,해외접촉 추정,생활치료센터
369,9306,3.26.,여('97),송파구,영국,해외접촉 추정,생활치료센터
368,9287,3.26.,남('58),강남구,"아르헨티나, 볼리비아, 브라질",해외접촉 추정,보라매병원
367,9264,3.26.,여('00),강남구,미국,해외접촉 추정,강남세브란스
366,9320,3.26.,남('61),구로구,필리핀,해외접촉 추정,고대구로병원
365,9307,3.26.,여('62),구로구,-,구로구 교회 관련,보라매병원
364,9277,3.26.,남('78),용산구,폴란드,#8057 접촉,순천향대학병원
363,9301,3.26.,여('87),금천구,-,구로구 교회 관련,보라매병원
362,9325,3.26.,여('96),성북구,영국,해외접촉 추정,생활치료센터
361,9266,3.26.,남('00),중랑구,미국,해외접촉 추정,생활치료센터
360,9228,3.25.,여('02),강남구,미국,해외접촉 추정,서북병원
359,9171,3.25.,남('99),강남구,미국,해외접촉 추정,서남병원
358,9204,3.25.,남('93),대전,영국,해외접촉 추정,생활치료센터
357,9219,3.25.,여('00),강남구,미국,해외접촉 추정,보라매병원
356,9170,3.25.,여('45),강서구,-,콜센터직원 접촉,서남병원
355,9175,3.25.,여('99),서초구,프랑스,해외접촉 추정,보라매병원
354,9194,3.25.,여('99),서초구,미국,해외접촉 추정,보라매병원
353,9187,3.25.,남('80),금천구,-,구로구 교회 관련,보라매병원
352,9183,3.25.,여('00),서초구,미국,해외접촉 추정,보라매병원
351,9231,3.25.,남('84),동작구,태국,해외접촉 추정,생활치료센터
350,9223,3.25.,남('83),동작구,태국,해외접촉 추정,보라매병원
349,9232,3.24.,여('81),동대문구,말레이시아,해외접촉 추정,생활치료센터
348,9182,3.23.,여('98),송파구,미국,해외접촉 추정,생활치료센터
347,9127,3.24.,여('98),은평구,-,#8079 접촉,서울의료원
346,9074,3.24.,남('63),파주,"필리핀, 마닐라",해외접촉 추정,세브란스병원
345,9099,3.24.,남('60),서초구,"브라질, 아르헨티아, 칠레, 볼리비아",해외접촉 추정,서남병원
344,9115,3.24.,남('59),강남구,-,#8646 접촉,서울성모병원
343,9079,3.24.,남('90),용산구,필리핀,해외접촉 추정,서남병원
342,9134,3.24.,여('05),종로구,-,#9020 접촉,보라매병원
341,9135,3.24.,여('82),강서구,-,#8245 접촉,서울의료원
340,9101,3.24.,여('99),도봉구,영국,해외접촉 추정,고대안암병원
339,9089,3.24.,남('91),중랑구,미국,해외접촉 추정,서울의료원
338,9096,3.24.,여('98),중랑구,미국,해외접촉 추정,서남병원
337,9117,3.24.,여('92),동작구,미국,해외접촉 추정,서남병원
336,9112,3.24.,여('93),강동구,미국,해외접촉 추정,서울의료원
335,9085,3.24.,남('82),강서구,미국,해외접촉 추정,보라매병원
334,9028,3.23.,남('96),강남구,미국,해외접촉 추정,보라매병원
333,9020,3.23.,여('03),종로구,영국,해외접촉 추정,보라매병원
332,9016,3.23.,남('71),용산구,미국,해외접촉 추정,순천향서울병원
331,8991,3.23.,남('43),영등포구,-,확인중,보라매병원
330,8940,3.22.,여('96),은평구,-,#8709 접촉 추정,서남병원
329,8918,3.22.,여('73),서대문구,-,콜센터직원 접촉,생활치료센터
328,8937,3.22.,여('63),서대문구,-,콜센터직원 접촉,서북병원(퇴원)
327,8914,3.22.,여('93),강서구,미국,해외접촉 추정,서남병원
326,8938,3.22.,남('97),도봉구,스페인,해외접촉 추정,생활치료센터
325,8919,3.22.,남('61),성북구,미국,해외접촉 추정,국립중앙의료원
324,8816,3.21.,여('68),서초구,-,타시도 확진자 접촉,서남병원
323,8826,3.21.,남('82),서대문구,-,#8881 접촉 추정,서북병원
322,8881,3.21.,여('91),서대문구,"프랑스, 독일",해외접촉 추정,서북병원
321,8836,3.21.,남('91),영등포구,독일,해외접촉 추정,서남병원(퇴원)
320,8848,3.21.,남('59),성동구,-,#8717 접촉,국립중앙의료원
319,8838,3.21.,남('97),중랑구,-,#8791 접촉,생활치료센터
318,8871,3.21.,남('98),중랑구,-,#8791 접촉,생활치료센터
317,8835,3.21.,여('90),강서구,"필리핀, 마닐라",해외접촉 추정,서남병원(퇴원)
316,8884,3.20.,남('94),노원구,-,타시도 확진자 접촉,서울의료원
315,8824,3.20.,여('66),관악구,-,구로구 콜센터 관련,보라매병원
314,8661,3.20.,남('99),광진구,캐나다,해외접촉 추정,서남병원
313,8670,3.20.,여('99),서초구,"미국, 캐나다",확인중,국립중앙의료원
312,8682,3.20.,남('67),강동구,-,확인중,서남병원
311,8760,3.20.,여('16),강서구,-,#8245 접촉,서울의료원
310,8792,3.20.,여('60),성북구,-,#8063 접촉,서울의료원
309,8664,3.20.,남('80),강동구,필리핀,해외접촉 추정,서울의료원
308,8692,3.20.,여('97),서초구,"스페인, 카타르",해외접촉 추정,서울의료원
307,8713,3.20.,남('60),노원구,-,#8486 접촉,서울의료원
306,8709,3.20.,남('94),은평구,미국,해외접촉 추정,생활치료센터
305,8791,3.20.,남('97),중랑구,필리핀,해외접촉 추정,국립중앙의료원
304,8717,3.20.,여('94),성동구,미국,해외접촉 추정,서울의료원
303,8787,3.20.,남('50),영등포구,필리핀,해외접촉 추정,국립중앙의료원
302,8669,3.20.,남('09),동작구,미국,해외접촉 추정,보라매병원
301,8762,3.20.,남('82),동작구,-,타시도 확진자 접촉,생활치료센터
300,8782,3.20.,여('73),구로구,-,구로구 콜센터 관련,서울의료원
299,8612,3.19.,남('72),노원구,필리핀,해외접촉 추정,서울의료원
298,8588,3.19.,여('65),영등포구,-,#8271 접촉,서울의료원
297,8614,3.19.,여('91),영등포구,-,#8271 접촉,서울의료원
296,8603,3.19.,여('69),동작구,-,구로구 콜센터 관련,보라매병원
295,8595,3.19.,여('84),송파구,"프랑스, 독일",해외접촉 추정,생활치료센터
294,8646,3.19.,여('59),강남구,영국,해외접촉 추정,서울성모병원
293,8606,3.19.,여('54),양천구,-,콜센터직원 접촉,서남병원
292,8616,3.19.,여('71),성동구,이탈리아,해외접촉 추정,생활치료센터
291,8598,3.19.,여('64),강서구,-,구로구 콜센터 관련,보라매병원
290,8615,3.19.,여('85),송파구,영국,해외접촉 추정,생활치료센터
289,8619,3.19.,남('97),동작구,스페인,해외접촉 추정,보라매병원
288,8601,3.19.,여('61),노원구,-,#8486 접촉,서울의료원
287,8636,3.19.,남('05),마포구,-,콜센터직원 접촉,서남병원
286,8627,3.19.,여('08),마포구,-,콜센터직원 접촉 ,서남병원
285,8602,3.19.,남('76),마포구,-,콜센터직원 접촉 ,확인중
284,8617,3.19.,여('34),용산구,-,#8486 접촉,중앙대학교병원
283,8648,3.19.,여('41),관악구,-,확인중,보라매병원
282,8557,3.18.,남('85),광진구,"이탈리아, 프랑스",해외접촉 추정,국립중앙의료병원
281,8456,3.18.,여('88),동작구,스페인,해외접촉 추정,보라매병원
280,8547,3.18.,남('77),강남구,-,확인중,서울성모병원
279,8486,3.18.,남('29),용산구,-,확인중,중앙대학교병원
278,8476,3.18.,남('94),노원구,"체코, 헝가리, 오스트리아, 이탈리아, 프랑스",해외접촉 추정,상계병원
277,8446,3.18.,남('84),동작구,스페인,해외접촉 추정,보라매병원
276,8461,3.18.,남('12),양천구,-,콜센터직원 접촉,서남병원
275,8485,3.18.,여('82),마포구,-,구로구 콜센터 관련,서남병원(퇴원)
274,8529,3.18.,여('63),성북구,-,"동대문구 관련(교회, PC방)",서울의료원
273,8508,3.18.,여('73),성북구,-,구로구 콜센터 관련,생활치료센터
272,8517,3.18.,남('75),강남구,필리핀,해외접촉 추정,확인중
271,8455,3.17.,남('94),마포구,프랑스,해외접촉 추정,생활치료센터
270,8342,3.17.,여('97),성남,미국,해외접촉 추정,타시도 이관
269,8359,3.17.,여('99),송파구,영국,해외접촉 추정,서울의료원
268,8390,3.17.,남('06),동대문구,-,"동대문구 관련(교회, PC방)",서울의료원
267,8369,3.16.,여('67),동작구,-,확인중,서남병원
266,8271,3.16.,남('94),영등포구,"모로코, 프랑스, 오스트리아",해외접촉 추정,서울의료원
265,8408,3.16.,남('86),관악구,-,확인중,서울의료원
264,8245,3.16.,남('78),강서구,-,타시도 확진자 접촉,서울의료원
263,8268,3.16.,남('01),구로구,-,#8196 접촉,서울의료원
262,8254,3.16.,여('80),용산구,-,구로구 콜센터 관련,상계백병원
261,8297,3.16.,남('78),관악구,-,확인중,보라매병원
260,8311,3.16.,남('99),서대문구,-,확인중,보라매병원
259,8270,3.16.,남('95),동대문구,-,"동대문구 관련(교회, PC방)",보라매병원
258,8317,3.16.,남('93),동대문구,-,"동대문구 관련(교회, PC방)",보라매병원(퇴원)
257,8306,3.16.,남('96),구로구,-,콜센터직원 접촉,보라매병원
256,8250,3.16.,여('96),은평구,-,콜센터직원 접촉,보라매병원
255,8263,3.16.,여('72),서대문구,-,확인중,서울성모병원
254,8192,3.15.,여('39),은평구,-,콜센터직원 접촉,서울의료원
253,8178,3.15.,남('67),구로구,-,콜센터직원 접촉,보라매병원
252,8217,3.15.,남('82),강서구,-,확인중,서남병원
251,8183,3.15.,남('12),구로구,-,콜센터직원 접촉,보라매병원
250,8196,3.15.,여('01),영등포구,-,#8138 접촉,서남병원
249,8209,3.15.,여('92),노원구,-,타시도 확진자 접촉,서남병원
248,8153,3.14.,여('69),구로구,-,콜센터직원 접촉,보라매병원
247,8096,3.14.,남('69),구로구,필리핀,해외접촉 추정,보라매병원
246,8138,3.14.,남('67),영등포구,-,확인중,서남병원
245,8140,3.14.,남('81),영등포구,-,구로구 콜센터 접촉,서남병원
244,8102,3.14.,여('59),도봉구,-,동대문구 관련(요양보호사),한일병원
243,8132,3.14.,여('72),강남구,-,타시도 확진자 접촉,국립중앙의료원
242,8125,3.14.,남('95),마포구,-,#8044 접촉,서울의료원
241,8158,3.14.,여('53),중랑구,-,동대문구 관련(요양보호사),서울의료원
240,7986,3.13.,남('66),동대문구,-,"동대문구 관련(교회,PC방)",서울의료원
239,8059,3.13.,남('94),동대문구,-,"동대문구 관련(교회,PC방)",서울의료원
238,8049,3.13.,여('41),동대문구,-,동대문구 관련(요양보호사),서울의료원
237,8044,3.13.,여('98),마포구,프랑스,해외접촉,서울의료원
236,8053,3.13.,남('91),노원구,"영국, 프랑스",해외접촉,서울의료원(퇴원)
235,7980,3.13.,남('68),동작구,-,타시도 확진자 접촉,서울의료원
234,8058,3.13.,여('94),서초구,-,확인중,서울의료원
233,8127,3.13.,여('91),서초구,-,#7923 접촉,서울의료원
232,8074,3.13.,남('98),관악구,-,#7923 접촉,서울의료원
231,8055,3.12.,여('63),서초구,-,신천지 추정,서남병원
230,7923,3.12.,남('92),관악구,"스페인,체코",해외접촉,서북병원
229,8057,3.12.,남('84),용산구,폴란드,해외접촉,중앙대학교병원(퇴원)
228,7929,3.12.,여('58),송파구,-,콜센터직원 접촉,서울아산병원
227,7914,3.12.,남('82),금천구,-,확인중,서남병원
226,7925,3.12.,남('91),금천구,-,콜센터직원 접촉,서남병원(퇴원)
225,7939,3.12.,남('98),성북구,-,"동대문구 관련(교회,PC방)",서남병원(퇴원)
224,7874,3.12.,여('04),동대문구,-,"동대문구 관련(교회,PC방)",서남병원(퇴원)
223,7975,3.12.,여('91),강남구,-,콜센터직원 접촉,서남병원
222,7965,3.12.,남('64),강북구,필리핀,해외접촉,서울의료원
221,7893,3.12.,남('07),노원구,-,#7573 접축 추정,서울의료원
220,7810,3.11.,남('69),동대문구,-,"동대문구 관련(교회,PC방)",삼육서울병원
219,7871,3.12.,여('84),중랑구,-,콜센터직원 접촉,서울의료원
218,확인중,3.11.,남('74),구로구,-,콜센터직원 접촉,서남병원
217,7967,3.11.,남('92),성북구,-,"동대문구 관련(교회,PC방)",서울의료원
216,8063,3.11.,남('87),성북구,"독일,프랑스",해외접촉,서울의료원
215,7856,3.11.,여('51),송파구,-,-,강남세브란스병원
214,7805,3.11.,여('69),서대문구,-,구로구 콜센터 관련,서남병원
213,7876,3.11.,여('94),마포구,-,콜센터직원 접촉,서울의료원(퇴원)
212,7794,3.11.,여('98),동대문구,-,"동대문구 관련(교회,PC방)",국립중앙의료원(퇴원)
211,7759,3.11.,남('00),동대문구,-,"동대문구 관련(교회,PC방)",서남병원(퇴원)
210,7836,3.11.,남('65),은평구,-,-,서남병원
209,7765,3.11.,남('41),구로구,-,콜센터직원 접촉,보라매병원(퇴원)
208,7857,3.11.,남('73),중랑구,-,구로구 콜센터 관련,서울의료원
207,7757,3.11.,여('49),은평구,-,-,서울의료원(퇴원)
206,7818,3.11.,여('00),서대문구,-,-,서남병원
205,7822,3.11.,여('94),강서구,-,콜센터직원 접촉,서남병원
204,7851,3.11.,남('67),강서구,-,콜센터직원 접촉,서남병원
203,7842,3.11.,남('99),강서구,-,콜센터직원 접촉,서남병원
202,7567,3.10.,남('59),노원구,-,콜센터직원 접촉,서울의료원(퇴원)
201,7711,3.10.,남('89),노원구,-,콜센터직원 접촉,서울의료원
200,7555,3.10.,여('68),구로구,-,구로구 콜센터 관련,서남병원
199,7725,3.10.,여('80),양천구,-,구로구 콜센터 관련,서남병원
198,7539,3.10.,여('68),양천구,-,콜센터직원 접촉,서남병원
197,7524,3.10.,남('53),양천구,-,콜센터직원 접촉,서울의료원
196,7619,3.10.,여('54),양천구,-,콜센터직원 접촉,서울의료원
195,7795,3.10.,여('81),관악구,-,구로구 콜센터 관련,서남병원
194,7787,3.10.,남('74),관악구,-,콜센터직원 접촉,서남병원(퇴원)
193,7826,3.10.,남('91),관악구,-,콜센터직원 접촉,서남병원(퇴원)
192,7800,3.10.,여('96),관악구,-,콜센터직원 접촉,서울의료원(퇴원)
191,7647,3.10.,여('90),은평구,"프랑스, 스페인",#6959 접촉(추정),서울의료원
190,7588,3.10.,여('68),마포구,-,구로구 콜센터 관련,서남병원
189,7536,3.10.,남('92),동대문구,-,"동대문구 관련(교회,PC방)",국립중앙의료원
188,7561,3.10.,여('94),동대문구,-,#7280 접촉(추정),국립중앙의료원(퇴원)
187,7637,3.10.,여('68),금천구,-,구로구 콜센터 관련,서남병원
186,7630,3.10.,여('70),영등포구,-,구로구 콜센터 관련,서남병원
185,7742,3.10.,여('82),마포구,-,구로구 콜센터 관련,서울의료원
184,7823,3.10.,남('82),마포구,-,구로구 콜센터 관련,서울대학교병원
183,7840,3.10.,여('67),마포구,-,구로구 콜센터 관련,서울의료원(퇴원)
182,7611,3.10.,여('67),동작구,-,구로구 콜센터 관련,서남병원(퇴원)
181,7528,3.10.,여('82),구로구,-,구로구 콜센터 관련,서남병원(퇴원)
180,7520,3.10.,여('72),구로구,-,구로구 콜센터 관련,서남병원
179,7584,3.10.,여('70),구로구,-,구로구 콜센터 관련,서울의료원
178,7602,3.10.,여('95),동대문구,-,"동대문구 관련(교회,PC방)",서울의료원
177,7523,3.10.,남('79),구로구,-,구로구 콜센터 관련,서남병원
176,7564,3.10.,여('75),영등포구,-,구로구 콜센터 관련,서남병원(퇴원)
175,7695,3.10.,여('92),강서구,-,구로구 콜센터 관련,서북병원(퇴원)
174,7571,3.10.,남('93),동대문구,-,"동대문구 관련(교회,PC방)",서울의료원
173,7731,3.10.,여('63),강서구,-,구로구 콜센터 관련,서남병원
172,7642,3.10.,여('65),양천구,-,구로구 콜센터 관련,서울의료원(퇴원)
171,7638,3.10.,여('72),양천구,-,구로구 콜센터 관련,서남병원(퇴원)
170,7734,3.10.,여('68),관악구,-,구로구 콜센터 관련,서울의료원
169,7712,3.10.,여('71),양천구,-,구로구 콜센터 관련,서울의료원
168,7653,3.10.,여('77),영등포구,-,구로구 콜센터 관련,서남병원
167,7622,3.10.,여('80),영등포구,-,구로구 콜센터 관련,서울의료원
166,7685,3.10.,여('79),영등포구,-,구로구 콜센터 관련,서울의료원
165,7624,3.10.,여('71),송파구,-,구로구 콜센터 관련,서울의료원
164,7573,3.10.,여('59),은평구,-,#7500 접촉(추정),서울의료원
163,7723,3.10.,여('72),강서구,-,구로구 콜센터 관련,서남병원
162,7727,3.10.,여('66),강서구,-,구로구 콜센터 관련,서남병원
161,7603,3.10.,여('67),관악구,-,구로구 콜센터 관련,보라매병원
160,7644,3.10.,여('60),관악구,-,구로구 콜센터 관련,보라매병원
159,7666,3.10.,여('76),관악구,-,구로구 콜센터 관련,서울의료원
158,7721,3.10.,여('72),동작구,-,구로구 콜센터 관련,서남병원
157,7525,3.10.,여('80),동작구,-,구로구 콜센터 관련,서남병원
156,7597,3.9.,여('83),구로구,-,구로구 콜센터 관련,서남병원
155,7444,3.9.,여('66),강서구,-,구로구 콜센터 관련,서남병원(퇴원)
154,7700,3.9.,여('69),구로구,-,구로구 콜센터 관련,서울의료원
153,7740,3.9.,여('70),구로구,-,구로구 콜센터 관련,서울의료원
152,7668,3.9.,여('74),광명,-,구로구 콜센터 관련,타시도이관
151,7719,3.9.,여('71),광명,-,구로구 콜센터 관련,서남병원
150,7469,3.9.,여('60),강서구,-,구로구 콜센터 관련,서남병원
149,7752,3.9.,여('67),부천,-,구로구 콜센터 관련,타시도이관
148,7480,3.9.,남('65),구로구,-,콜센터직원 접촉,서울의료원
147,7544,3.9.,남('98),구로구,-,콜센터직원 접촉,서울의료원
146,7636,3.9.,여('69),구로구,-,구로구 콜센터 관련,서남병원
145,7710,3.9.,여('75),구로구,-,구로구 콜센터 관련,보라매병원
144,7502,3.9.,여('71),강서구,-,구로구 콜센터 관련,서남병원
143,8003,3.9.,남('77),양천구,-,구로구 콜센터 관련,보라매병원
142,7726,3.9.,여('72),구로구,-,구로구 콜센터 관련,서울의료원
141,7580,3.9.,여('62),노원구,-,구로구 콜센터 관련,서울의료원
140,7500,3.9.,여('78),은평,-,확인중,서남병원
139,8050,3.9.,남('90),양천구,-,구로구 콜센터 관련,서남병원
138,7683,3.9.,남('87),성남,-,확인중,타시도이관
137,7463,3.9.,여('69),금천구,-,구로구 콜센터 관련,서울의료원
136,7461,3.9.,여('70),중구,-,구로구 콜센터 관련,서울의료원
135,7513,3.9.,남('89),은평구,-,확인중,서북병원(퇴원)
134,7437,3.9.,여('91),동작구,-,"동대문구 관련(교회,PC방)",서남병원
133,7514,3.9.,여('77),강동구,필리핀,해외접촉,서울의료원
132,7479,3.9.,남('63),은평구,-,콜센터직원 접촉,서울의료원
131,7401,3.9.,여('69),은평구,-,구로구 콜센터 관련,서울의료원
130,7300,3.8.,남('93),동대문구,-,"동대문구 관련(교회,PC방)",서북병원(퇴원)
129,7297,3.8.,여('52),동대문구,-,동대문구 관련(요양보호사),보라매병원
128,7281,3.8.,남('51),동대문구,-,동대문구 관련(요양보호사),보라매병원
127,7280,3.8.,남('69),강남구,-,#6727 첩촉,보라매병원(퇴원)
126,7275,3.8.,여('82),동대문구,-,동대문구 관련(요양보호사),보라매병원(퇴원)
125,7265,3.8.,여('64),노원구,-,구로구 콜센터 관련,서북병원(퇴원)
124,7247,3.8.,남('93),동대문구,-,"동대문구 관련(교회,PC방)",서남병원
123,7243,3.8.,여('41),대구,-,대구 거주,서울의료원
122,7234,3.8.,여('95),동대문구,-,"동대문구 관련(교회,PC방)",서남병원
121,7219,3.8.,여('20),동대문구,-,동대문구 관련(요양보호사),보라매병원(퇴원)
120,7103,3.6.,남('81),성북구,-,동대문구 관련(요양보호사),서남병원(퇴원)
119,7027,3.6.,남('55),강북구,-,#6832 접촉자,서남병원(퇴원)
118,7011,3.7.,남('66),양천구,-,#6921접촉자,서남병원(퇴원)
117,6999,3.7.,남('55),서초구,-,#935 접촉자,서남병원
116,6959,3.7.,남('87),은평구,"스페인, 프랑스",해외 접촉,서북병원
115,6937,3.6.,여('69),양천구,-,타시도 확진자 접촉,보라매병원(퇴원)
114,6921,3.7.,여('96),양천구,-,#6937 접촉자,서남병원(퇴원)
113,6883,3.6.,여('56),강북구,-,#6832 접촉자,서남병원(퇴원)
112,6845,3.7.,여('13),관악구,-,타시도 확진자 접촉,보라매병원(퇴원)
111,6832,3.4.,남('84),강북구,-,타시도 확진자 접촉,서남병원(퇴원)
110,6781,3.7.,남('64),강남구,-,타시도 확진자 접촉,서울의료원(퇴원)
109,6773,3.7.,남('29),고양,-,타시도 확진자 접촉,서울의료원
108,6727,3.6.,남('79),용인시,-,타시도 확진자 접촉,타시도 이관
107,6589,3.6.,남('85),고양시,-,타시도 확진자 접촉,타시도 이관
106,6384,3.6.,남('86),강서구,-,타시도 확진자 접촉,보라매병원(퇴원)
105,6131,3.5.,남('81),강남구,-,확인중,서남병원
104,6070,3.4.,여('03),강북구,-,확인중,서남병원(퇴원)
103,5695,3.4.,남('97),동대문구,"이탈리아, 독일, 홍콩",해외 접촉,서북병원(퇴원)
102,5666,3.4.,여('71),용산구,-,성동구 주상복합 관리사무소 관련,순천향서울병원
101,5661,3.4.,여('05),중랑구,-,타시도 확진자 접촉,서울의료원(퇴원)
100,5592,3.3.,남('85),동대문구,-,"동대문구 관련(교회,PC방)",서북병원
99,5377,3.1.,여('96),동대문구,-,대구 방문,서북병원(퇴원)
98,4743,3.2.,남('66),서초구,-,확인중,서울의료원(퇴원)
97,4709,3.1.,남('85),양천구,-,타시도 확진자 접촉,서울의료원
96,4645,3.2.,남('82),도봉구,-,확인중,서울의료원
95,4634,3.2.,여('99),성북구,-,성동구 주상복합 관리사무소 관련,서울의료원(퇴원)
94,4558,3.2.,여('69),성북구,-,성동구 주상복합 관리사무소 관련,서울의료원(퇴원)
93,4517,3.2.,여('69),강남구,-,부동산중개법인관련,서울의료원(퇴원)
92,4224,3.2.,남('00),영등포구,-,성동구 주상복합 관리사무소 관련,서북병원(퇴원)
91,4174,2.29.,남('72),영등포구,-,여의도 건설현장관련,서울의료원(퇴원)
90,3815,3.1.,남('69),영등포구,-,성동구 주상복합 관리사무소 관련,서울의료원(퇴원)
89,3793,3.1.,남('70),성북구,-,성동구 주상복합 관리사무소 관련,서울의료원(퇴원)
88,3790,3.1.,남('75),광진구,-,성동구 주상복합 관리사무소 관련,서울의료원
87,3703,2.28.,남('05),노원구,-,성동구 주상복합 관리사무소 관련,서울의료원
86,3616,3.1.,여('85),강남구,-,부동산 중개 법인관련,서울의료원
85,3681,2.29.,여('88),강남구,이탈리아,해외 접촉,국립중앙의료원(퇴원)
84,3680,2.27.,여('97),송파구,-,대구 확진자 접촉,서울의료원
83,3679,2.27.,여('93),송파구,-,대구 확진자 접촉,서울의료원
82,3517,2.29.,남('51),영등포구,일본,해외 접촉,서울의료원(퇴원)
81,3491,2.29.,여('96),관악구,-,타시도 확진자 접촉,서울의료원(퇴원)
80,3263,2.29.,여('96),노원구,-,타시도 확진자 접촉,서울의료원
79,3262,2.28.,여('03),노원구,-,성동구 주상복합 관리사무소 관련,서울의료원
78,3261,2.28.,남('74),노원구,-,성동구 주상복합 관리사무소 관련,서울의료원
77,3046,2.28.,여('91),성동구,-,확인중,순천향서울병원(퇴원)
76,3054,2.27.,남('77),동대문구,-,타시도 확진자 접촉,상계백병원(퇴원)
75,3007,2.27.,남('82),광진구,"이탈리아, 프랑스",해외 접촉,서울의료원(퇴원)
74,2858,2.27.,남('66),서초구,-,확인중,한양대학교병원(퇴원)
73,2840,2.27.,남('75),인천,-,여의도 건설현장 관련,서울의료원(퇴원)
72,2833,2.27.,여('79),강동구,-,명성교회 관련,서울의료원(퇴원)
71,2818,2.26.,여('90),노원구,-,확인중,상계백병원(퇴원)
70,2740,2.27.,여('75),노원구,-,성동구 주상복합 관리사무소 관련,서울의료원
69,2666,2.25.,남('74),노원구,-,확인중,서울의료원(퇴원)
68,2621,2.27.,여('92),강남구,-,확잍중,국립중앙의료원(퇴원)
67,2471,2.27.,여('99),송파구,-,#794 접촉자,한양대학교병원(퇴원)
66,2470,2.28.,남('86),강남구,-,확인중,서울의료원(퇴원)
65,2469,2.28.,남('87),강남구,-,#2621번 접촉자,상계백병원(퇴원)
64,2468,2.28.,여('85),강남구,-,#1247 접촉자,서울의료원(퇴원)
63,2466,2.28.,남('85),관악구,-,부동산 중개업 관련,서울의료원(퇴원)
62,1907,2.27.,남('73),서대문구,-,쇼핑몰 관련,서울의료원
61,1788,2.27.,남('55),서대문구,-,은평성모병원관련,국립중앙의료원(퇴원)
60,1768,2.26.,남('35),은평구,-,은평성모병원관련,보라매병원(퇴원)
59,1767,2.26.,여('54),은평구,-,은평성모병원관련,고대구로병원(퇴원)
58,1710,2.26.,여('90),강남구,-,대구 방문,서남병원
57,1675,2.27,여('46),고양,-,은평성모병원 연관성 검토,타시도이관(퇴원)
56,1611,2.25.,남('62),고양,-,확인중,보라매병원(퇴원)
55,1567,2.26.,여('93),양천구,-,은평성모병원관련,서울대학교병원(퇴원)
54,1532,2.26.,여('37),은평구,-,은평성모병원관련,보라매병원(퇴원)
53,1531,2.26.,여('73),은평구,-,은평성모병원관련,고대구로병원(퇴원)
52,1378,2.25.,남('84),송파구,태국,해외 접촉,보라매병원(퇴원)
51,1370,2.25.,여('92),송파구,-,경찰병원관련,보라매병원(퇴원)
50,1295,2.26.,남('94),관악구,-,대구 방문,서울백병원(퇴원)
49,1254,2.25.,남('56),은평구,-,은평성모병원관련,삼육서울병원
48,1253,2.25.,여('95),은평구,-,서울재생병원 관련,서남병원(퇴원)
47,1247,2.26.,남('93),강남구,-,신천지대구교회 관련,서남병원(퇴원)
46,1246,2.25,여('99),경북,-,명성교회 관련,중앙대학교병원(퇴원)
45,1118,2.25.,남('79),송파구,-,#794 접촉자,국립중앙의료원(퇴원)
44,1027,2.25.,남('58),동작구,-,대구 확진자 접촉,보라매병원(퇴원)
43,1022,2.25.,여('95),송파구,-,해외 접촉(추정),서남병원(퇴원)
42,996,2.25.,남('77),노원구,-,확인중,보라매병원(퇴원)
41,938,2.25.,남('68),강동구,-,대구 방문(명성교회),한일병원(퇴원)
40,924,2.25.,여('47),금천구,중국 청도,해외 접촉,국립중앙의료원(퇴원)
39,907,2.25.,남('53),평택시,-,확인중,타시도이관(퇴원)
38,935,2.25.,여('60),관악구,-,확인중,삼육서울병원(퇴원)
37,887,2.24.,여('76),송파구,-,#780 접촉,중앙대학교병원(퇴원)
36,870,2.24..,여('63),은평구,-,은평성모병원 관련,한일병원
35,847,2.25.,남('84),김포,-,확인중,타시도이관(퇴원)
34,797,2.24.,남('00),송파구,-,#780 접촉,서울의료원(퇴원)
33,794,2.24.,여('70),송파구,-,#780 접촉,서울의료원
32,787,2.23.,남('62),서초구,-,타시도 확진자 접촉,서울의료원(퇴원)
31,780,2.22.,남('65),송파구, ,대구 방문,중앙대학교병원(퇴원)
30,755,2.23.,남('54),강동구,-,은평성모병원 관련,중앙대학교병원(퇴원)
29,754,2.26.,남('45),종로구, ,은평성모병원 관련,한일병원(퇴원)
28,627,2.23.,여('50),종로구,-,은평성모병원 관련,서울대학교병원(퇴원)
27,593,2.23.,남(‵68),강서구,베트남,해외 접촉,서울의료원(퇴원)
26,420,2.22.,남(‵86),서초구,-,대구 방문,서울의료원(퇴원)
25,365,2.22.,남(‵58),강동구,-,은평성모병원 관련,서울의료원
24,348,2.22.,남(‵80),구로구,-,타시도 확진자 접촉,국립중앙의료원(퇴원)
23,188,2.21.,남(‵61),서초구,-,신천지 추정,국립중앙의료원
22,161,2.21.,남(‵85),서대문구,-,은평성모병원 관련,국립중앙의료원
21,136,2.20.,남(‵36),종로구,-,#56 접촉자,서울대학교병원(퇴원)
20,121,2.20.,여(‵46),성동구,-,성동구 주상복합 관리사무소 관련,서울의료원(퇴원)
19,112,2.20.,여(‵41),종로구,-,#136 접촉,서울대학교병원(퇴원)
18,111,2.20.,남(‵00),대구,-,대구 거주자,국립중앙의료원(퇴원)
17,83,2.20.,남(‵44),종로구,-,#6 접촉(추정),국립중앙의료원(퇴원)
16,56,2.19.,남(‵45),종로구,-,#30 접촉,서울의료원(퇴원)
15,40,2.19.,남(‵43),성동구,-,성동구 주상복합 관리사무소 관련,국립중앙의료원
14,30,2.16.,여(‵52),종로구,-,#29 접촉,서울대학교병원(퇴원)
13,29,2.16.,남(‵38),종로구,-,#83 접촉,서울대학교병원(퇴원)
12,24,2.7.,남('92),아산,우한교민,해외 접촉,국립중앙의료원(퇴원)
11,23,2.6.,여(‵62),서대문구,중국 우한시,해외 접촉,국립중앙의료원(퇴원)
10,21,2.5.,여(‵60),성북구,-,#6 접촉,서울대학교병원(퇴원)
9,19,2.5.,남(‵83),송파구,싱가포르,해외 접촉,서울의료원(퇴원)
8,13,2.2.,남('92),인천시,우한 교민,해외 접촉,국립중앙의료원(퇴원)
7,11,1.31.,남(‵95),종로구,-,#6 접촉,서울대학교병원(퇴원)
6,10,1.31.,여(‵66),종로구,-,#6 접촉,서울대학교병원(퇴원)
5,9,1.31.,여(‵92),성북구,-,#5 접촉,서울의료원(퇴원)
4,7,1.30.,남(‵91),마포구,중국 우한시,해외 접촉,서울의료원(퇴원)
3,6,1.30.,남(‵64),종로구,-,#3 접촉,서울대학교병원(퇴원)
2,5,1.30.,남(‵87),중랑구,중국 우한시,해외 접촉,서울의료원(퇴원)
1,2,1.23.,남(‵64),강서구,중국 우한시,해외 접촉,국립중앙의료원(퇴원)
